Document_Text,Category
"This contract is a legal agreement between the two parties.",Legal
"The lawsuit was filed in court yesterday.",Legal
"The financial audit report is due next month.",Finance
"This is a medical prescription for the patient.",Medical
"The company's annual income statement is impressive.",Finance
"The diagnosis report suggests treatment for pneumonia.",Medical
"The legal notice outlines the terms for the breach of contract.",Legal
"The profit and loss statement for the fiscal year shows significant growth.",Finance
"The quarterly earnings report indicates an increase in revenue.",Finance
"The patient was diagnosed with acute bronchitis.",Medical
"A research paper was published on advancements in machine learning algorithms.",Science
"Quantum computing is expected to revolutionize the field of cryptography.",Technology
"Students are required to submit their assignments by the end of the semester.",Education
"The curriculum covers both theoretical and practical aspects of artificial intelligence.",Education
"The legal framework for data protection is essential for cybersecurity.",Legal
"The new investment portfolio is diversified across multiple sectors.",Finance
"Artificial intelligence is being applied to enhance cybersecurity measures.",Technology
"The physical education program promotes a healthy lifestyle for students.",Education
"The doctor has recommended regular exercise and a balanced diet.",Medical
"The company's market capitalization has surpassed expectations.",Finance
"A comprehensive legal review is necessary for compliance with new regulations.",Legal
"The latest smartphone model features a 120Hz display and 5G connectivity.",Technology
"The team's strategy for the upcoming match focuses on improving defense.",Sports
"Clinical trials are being conducted to test the efficacy of the new vaccine.",Medical
"NASA has launched a new satellite to study climate change.",Science
"The football team won the championship by scoring in the final minute.",Sports
"The research focuses on sustainable energy solutions for the future.",Science
"Data analytics is playing a crucial role in business decision-making.",Technology
"The athlete set a new record in the 100-meter sprint.",Sports
"Students are learning about the history of modern education systems.",Education
"The court has ordered a settlement in the intellectual property case.",Legal
"The report analyzes the financial performance of global tech companies.",Finance
"Breakthroughs in genetics are revolutionizing the medical field.",Science
"The coach is preparing the team for the upcoming international tournament.",Sports
"Virtual reality is increasingly being used in education to create immersive learning experiences.",Technology
"The latest research on black holes has provided new insights into astrophysics.",Science
"The introduction of artificial intelligence in classrooms is transforming education.",Education
"The patient's recovery is being closely monitored by the medical team.",Medical
"The legal case involving patent infringement has been settled.",Legal
"The company is focusing on developing cloud-based financial services.",Finance
"New regulations for data privacy are impacting global tech companies.",Technology
"The player sustained an injury during the game and will undergo medical tests.",Sports
"Scientists have discovered a new species of bacteria that can break down plastic.",Science
"Online learning platforms are becoming increasingly popular in higher education.",Education
"The company's stock prices soared after the release of its earnings report.",Finance
"The football team's defensive strategy led to a clean sheet in the last match.",Sports
"The new quantum computing research has potential applications in materials science.",Science
"Machine learning algorithms are being integrated into medical diagnostics.",Technology
"The government has introduced new policies to improve access to education.",Education
"The X-ray revealed a fracture in the patient's arm.",Medical
"The legal team is reviewing the contract for any potential breaches.",Legal
"The company's financial outlook remains strong for the next fiscal year.",Finance
"The research focuses on the use of artificial intelligence in healthcare.",Science
"The basketball team is preparing for the playoffs next week.",Sports
"The new legislation focuses on privacy and data protection.",Legal
"The student enrollment in STEM courses has increased this year.",Education
"The doctor prescribed a new medication for the patient's condition.",Medical
"The introduction of blockchain technology is transforming financial services.",Technology
"Advancements in renewable energy are critical to combating climate change.",Science
"The team's star player is expected to make a full recovery before the next match.",Sports
"The new educational policy focuses on improving access to higher education.",Education
"The research on deep space exploration is yielding promising results.",Science
"The company's financial strategy focuses on long-term growth and sustainability.",Finance
"The new artificial intelligence system can predict stock market trends.",Technology
"New legal regulations are being introduced to regulate cryptocurrency.",Legal
"The training program is designed to enhance the athlete's speed and agility.",Sports
"The curriculum for the next academic year includes courses on data science.",Education
"Breakthroughs in cancer research are leading to new treatment methods.",Medical
"The company's quarterly earnings exceeded market expectations.",Finance
"The tennis player won the grand slam tournament after a five-set thriller.",Sports
"The research on renewable energy sources is advancing rapidly.",Science
"The use of augmented reality in education is making learning more interactive.",Technology
"Scientists have discovered new exoplanets in distant galaxies.",Science
"The legal team is preparing a defense strategy for the upcoming trial.",Legal
"The research focuses on the impact of climate change on marine ecosystems.",Science
"The company's financial report shows steady growth in revenue.",Finance
"Students are being introduced to coding in elementary schools.",Education
"The football team's offensive tactics have improved significantly this season.",Sports
